		Reference					REFS=3					REFS=2					REFS=1					CUDepth=3					CUDepth=2					CUDepth=1					AMP=0					FME=2					FME=1					FME=0					HAD=0					SR=32					SR=8					SR=0					TUDepth=2					TUDepth=1					TestRect=0					RDOQ=0					BIPRED=2					BIPRED=0					LOWER_BOUND
Sequence	QP	Bitrate	PSNR-Y	PSNR-U	PSNR-V	Enc. Time	Bitrate	PSNR-Y	PSNR-U	PSNR-V	Enc. Time	Bitrate	PSNR-Y	PSNR-U	PSNR-V	Enc. Time	Bitrate	PSNR-Y	PSNR-U	PSNR-V	Enc. Time	Bitrate	PSNR-Y	PSNR-U	PSNR-V	Enc. Time	Bitrate	PSNR-Y	PSNR-U	PSNR-V	Enc. Time	Bitrate	PSNR-Y	PSNR-U	PSNR-V	Enc. Time	Bitrate	PSNR-Y	PSNR-U	PSNR-V	Enc. Time	Bitrate	PSNR-Y	PSNR-U	PSNR-V	Enc. Time	Bitrate	PSNR-Y	PSNR-U	PSNR-V	Enc. Time	Bitrate	PSNR-Y	PSNR-U	PSNR-V	Enc. Time	Bitrate	PSNR-Y	PSNR-U	PSNR-V	Enc. Time	Bitrate	PSNR-Y	PSNR-U	PSNR-V	Enc. Time	Bitrate	PSNR-Y	PSNR-U	PSNR-V	Enc. Time	Bitrate	PSNR-Y	PSNR-U	PSNR-V	Enc. Time	Bitrate	PSNR-Y	PSNR-U	PSNR-V	Enc. Time	Bitrate	PSNR-Y	PSNR-U	PSNR-V	Enc. Time	Bitrate	PSNR-Y	PSNR-U	PSNR-V	Enc. Time	Bitrate	PSNR-Y	PSNR-U	PSNR-V	Enc. Time	Bitrate	PSNR-Y	PSNR-U	PSNR-V	Enc. Time	Bitrate	PSNR-Y	PSNR-U	PSNR-V	Enc. Time	Bitrate	PSNR-Y	PSNR-U	PSNR-V	Enc. Time
BQSquare	22	1730.55	38.6662	42.9101	43.4966	178.904	1810.05	38.5609	42.7741	43.3259	158.066	1980.03	38.4308	42.6009	43.179	141.625	2274.84	38.2675	42.3662	42.9815	126.909	1783.9125	38.5705	42.8068	43.3411	132.17	2003.1975	38.0603	42.6804	43.249	77.217	2468.1	37.5608	42.1594	42.781	38.795	1744.395	38.6527	42.9151	43.4966	146.471	2188.275	38.4602	42.6242	43.2183	158.467	1947.4425	38.5927	42.8	43.4216	147.674	2139.8325	38.4807	42.6892	43.2473	129.057	1785.675	38.7591	42.9462	43.5778	164.752	1727.925	38.6614	42.9049	43.5041	172.349	1730.67	38.6574	42.8781	43.4715	171.679	1728.225	38.6615	42.9009	43.5054	167.218	1733.2425	38.625	42.8734	43.4861	153.871	1721.025	38.4336	42.8603	43.5026	134.37	1752.5025	38.6291	42.8821	43.4903	120.361	1745.13	38.5669	42.8571	43.4181	151.268	1727.6475	38.6574	42.8999	43.4857	166.267	1739.4675	38.6558	42.8973	43.5144	164.3	6186.4575	36.2978	41.2437	41.6598	11.544	
BQSquare	27	674.475	34.5568	40.7901	41.3597	140.253	696.945	34.4088	40.7277	41.3261	118.598	766.1475	34.1389	40.5503	41.0707	101.125	964.2	33.764	40.2589	40.8607	86.955	701.115	34.4179	40.7964	41.2991	104.994	776.7825	33.8552	40.6418	41.2104	60.672	988.71	33.1483	40.3471	40.7962	31.37	676.83	34.5461	40.7666	41.3606	114.248	919.425	33.9946	40.5527	41.1481	119.539	750.78	34.305	40.7322	41.3107	108.157	881.775	34.0625	40.5958	41.1478	90.933	692.355	34.593	40.8014	41.3751	125.867	673.14	34.5532	40.7958	41.3682	133.727	672.8025	34.5571	40.7963	41.3677	132.756	674.4	34.5692	40.7891	41.3443	129.243	672.9825	34.5261	40.7919	41.3445	122.252	668.475	34.4291	40.7315	41.3374	108.998	685.1775	34.5091	40.7681	41.3353	84.175	672.3825	34.4662	40.7094	41.3508	121.63	673.4175	34.5542	40.7731	41.3256	127.903	674.3025	34.5537	40.7782	41.3877	125.546	3528.825	31.6291	39.5994	39.8176	9.074	
BQSquare	32	302.085	31.1963	39.2241	39.6884	118.734	316.5825	31.1216	39.1746	39.6443	98.398	340.335	30.9415	39.13	39.5503	80.993	449.37	30.5415	38.9005	39.2225	64.962	317.4	31.0838	39.3227	39.7781	90.802	344.0925	30.4896	39.3761	39.8378	51.456	427.7925	29.6799	39.0696	39.3957	26.286	305.655	31.2068	39.2015	39.6822	99.756	412.7625	30.6007	39.1655	39.5612	96.001	331.7325	31.0074	39.2237	39.6678	86.755	400.4625	30.661	39.2082	39.5993	68.973	313.485	31.244	39.2379	39.6844	103.968	302.385	31.2186	39.2187	39.6972	112.618	303.075	31.2156	39.2095	39.6777	111.961	302.925	31.2063	39.224	39.6645	108.618	303.0225	31.1808	39.1982	39.6693	105.651	297.2175	31.0922	39.1595	39.7006	95.505	309.2475	31.1592	39.2286	39.6728	63.747	305.1525	31.1818	39.2976	39.6159	105.082	302.6175	31.2095	39.2224	39.7441	107.535	303.375	31.2079	39.2359	39.7081	105.337	1577.4225	27.1619	38.3642	38.6251	5.508	
BQSquare	37	139.605	28.0278	38.2769	38.754	104.134	141.03	27.876	38.2872	38.7674	84.804	147.465	27.7164	38.3068	38.7566	68.385	193.3875	27.3721	38.0195	38.305	53.357	144.675	27.7993	38.4381	38.795	81.261	152.28	27.2958	38.3191	38.8546	46.427	177.57	26.4417	38.2159	38.2417	23.758	140.5725	28.0176	38.2991	38.7436	91.734	187.08	27.4401	38.29	38.6621	83.558	148.5075	27.7979	38.2454	38.7674	74.338	183.84	27.4743	38.3432	38.673	56.485	143.85	28.0432	38.3202	38.784	90.017	138.6675	28.0278	38.2849	38.7347	98.002	138.81	28.0227	38.2628	38.7344	97.263	139.2975	27.9927	38.2795	38.7151	93.763	138.6825	28.0069	38.2786	38.7308	93.366	138.3825	27.9569	38.2593	38.7445	85.259	140.4525	27.9569	38.25	38.7201	49.027	141.105	28.032	38.1557	38.4798	93.162	139.4325	28.027	38.2931	38.7844	93.278	139.7025	28.0352	38.3119	38.7589	91.123	645.2325	24.0293	37.3898	37.7151	3.336	
BlowingBubbles	22	1515.5063	38.4715	41.3092	42.867	188.209	1532.625	38.465	41.2886	42.8174	165.254	1550.9438	38.4329	41.2831	42.7946	144.219	1609.4188	38.3779	41.2154	42.6996	124.084	1576.3125	38.3948	41.258	42.7348	137.105	1757.7563	38.11	41.1908	42.6249	77.568	2170.125	37.8304	40.8156	42.178	39.002	1526.0375	38.4688	41.2894	42.8352	153.645	1713.125	38.3209	41.2606	42.7424	163.439	1580.75	38.4187	41.2895	42.8236	154.794	1703.0063	38.3317	41.2436	42.7433	135.051	1568.1625	38.5448	41.3807	42.9118	176.646	1517.5625	38.4693	41.2931	42.8536	182.9	1519.0125	38.4773	41.3184	42.8417	179.81	1528.8063	38.4729	41.327	42.8608	175.027	1518.6313	38.4566	41.3108	42.8322	164.836	1520.3375	38.3872	41.3088	42.8619	147.335	1543.5875	38.4416	41.2891	42.85	135.044	1548.6188	38.3755	41.1997	42.6803	166.398	1521.1063	38.4755	41.3319	42.8413	182.361	1523.3813	38.472	41.3193	42.8436	178.78	4101.6875	37.1157	40.202	41.3864	10.581	
BlowingBubbles	27	667.6375	34.917	38.8477	40.2362	153.143	672.7125	34.8915	38.845	40.1765	132.32	684.075	34.8588	38.7909	40.1841	112.183	711.9813	34.7551	38.7172	40.0505	92.672	691.2625	34.8148	38.8038	40.1606	115.486	762.9313	34.4647	38.7027	40.0304	65.123	919.1562	33.955	38.3452	39.6423	33.618	673.1438	34.9072	38.8288	40.2533	127.029	737.0438	34.6575	38.7884	40.1755	128.133	684.1313	34.8171	38.8269	40.2261	121.133	732.7	34.6668	38.8007	40.152	101.123	688.2375	34.9648	38.8857	40.2891	142.379	665.0625	34.9168	38.8383	40.2602	148.86	667.8438	34.9206	38.871	40.2439	145.774	671.9	34.91	38.8345	40.2173	141.129	665.7875	34.8965	38.8194	40.2173	137.333	665.725	34.8422	38.8096	40.2198	125.737	678.0375	34.8757	38.8028	40.2446	102.001	689.4125	34.8764	38.7927	40.1869	139.821	666.4	34.9105	38.8375	40.2802	148.12	668.7938	34.9266	38.819	40.2184	145.123	1975.825	33.2593	37.7154	38.8334	8.478	
BlowingBubbles	32	301.1062	31.7618	36.8478	38.2474	128.576	303.9625	31.7244	36.8604	38.2344	108.775	307.5063	31.6786	36.8428	38.1731	90.186	318.3313	31.5957	36.7368	38.1322	71.64	308.7812	31.6695	36.8801	38.1876	98.96	329.05	31.3444	36.7617	38.0279	56.078	375.8188	30.8152	36.4066	37.5961	29.009	304.3875	31.7514	36.8693	38.235	110.053	323.4	31.4775	36.8068	38.1673	104.087	306.0	31.6852	36.8641	38.2468	97.641	322.0125	31.5074	36.8209	38.2052	77.971	310.4813	31.7967	36.8847	38.236	118.103	301.3063	31.763	36.8771	38.2392	124.612	301.7812	31.7555	36.8943	38.2107	122.085	305.0938	31.7481	36.8643	38.2426	116.823	301.6813	31.7499	36.8412	38.205	117.285	300.1375	31.7004	36.8773	38.2473	109.293	305.9563	31.7283	36.8803	38.1857	77.306	313.8313	31.7543	36.8475	38.1823	120.677	300.3938	31.755	36.8805	38.2527	123.745	302.9563	31.76	36.8803	38.2354	121.283	776.6063	29.7231	35.7791	36.7711	6.134	
BlowingBubbles	37	142.2188	29.0577	35.4914	36.7406	111.536	142.675	29.0303	35.4623	36.7759	92.862	144.4125	28.9933	35.4206	36.709	75.671	147.5312	28.9118	35.4272	36.6758	58.023	142.3563	28.9937	35.5116	36.7613	87.504	147.6312	28.7564	35.3736	36.5736	50.214	160.8625	28.3533	35.1196	36.1948	25.971	143.3438	29.052	35.468	36.7795	99.499	146.975	28.8561	35.4225	36.7075	88.036	142.6125	29.0148	35.4707	36.7235	82.695	146.7313	28.8404	35.4155	36.7625	63.139	144.6312	29.0647	35.4866	36.8377	101.66	143.0312	29.0705	35.4843	36.7336	108.086	142.175	29.0634	35.406	36.7336	104.797	143.0125	29.0107	35.4825	36.7295	101.569	142.0625	29.0375	35.4597	36.7697	103.112	141.1	29.0329	35.4403	36.7813	96.056	142.2812	29.0122	35.4611	36.6909	59.659	146.4437	29.0461	35.534	36.7108	106.418	142.6438	29.06	35.4885	36.7632	106.751	141.375	29.0384	35.4412	36.7544	103.746	294.0563	27.1121	34.5575	35.5031	4.458	
Traffic	22	14551.035	41.6306	41.4585	43.9221	7090.541	14754.5925	41.6024	41.4329	43.8832	6115.429	15140.5537	41.5494	41.3879	43.8409	5154.062	15922.1775	41.4698	41.3288	43.7456	4222.086	14925.195	41.5949	41.4422	43.8739	5431.592	15644.4525	41.3584	41.3963	43.7893	3268.17	17818.9012	41.0886	41.1173	43.4143	1702.174	14643.0712	41.6222	41.4512	43.9116	6802.429	16819.425	41.5006	41.4762	43.9011	5844.166	15107.0475	41.5919	41.474	43.9157	5399.314	16664.01	41.5066	41.4805	43.9072	4362.638	15194.0475	41.6771	41.5073	43.9514	6512.416	14545.9837	41.631	41.4627	43.919	7010.815	14553.18	41.6298	41.4563	43.9201	6967.013	14756.6062	41.6246	41.4551	43.9087	6713.669	14481.1012	41.6048	41.4441	43.9027	6404.034	14337.1762	41.5395	41.4288	43.891	5885.179	14687.9325	41.608	41.4486	43.9053	4238.507	14535.0863	41.5623	41.409	43.8274	6505.073	14547.285	41.6294	41.4607	43.92	6788.299	14570.8012	41.6268	41.4561	43.9173	6662.65	40611.8737	40.4255	40.7834	42.8858	341.358	
Traffic	27	5229.2063	38.7686	39.4698	41.8576	5881.935	5302.0875	38.7372	39.4448	41.8337	4945.43	5387.5763	38.6896	39.405	41.7927	4021.985	5612.2987	38.5956	39.3447	41.7154	3122.959	5373.4163	38.7283	39.4717	41.8451	4579.483	5711.52	38.5524	39.4123	41.7536	2809.047	6693.4688	38.2384	39.1874	41.4701	1493.048	5288.2087	38.7588	39.4531	41.8495	5967.962	5979.3412	38.5232	39.4907	41.8602	4613.108	5382.6562	38.7079	39.4787	41.8601	4233.451	5901.6262	38.541	39.5011	41.8572	3195.832	5398.9425	38.7968	39.4974	41.8857	5298.71	5236.8938	38.7723	39.47	41.8594	5792.557	5236.7587	38.767	39.4645	41.8576	5740.782	5368.035	38.7567	39.4586	41.8446	5522.232	5214.8512	38.7561	39.4515	41.8492	5390.232	5170.08	38.7204	39.4323	41.8309	5054.748	5276.1112	38.7449	39.4582	41.8419	3057.174	5261.61	38.7211	39.4549	41.8228	5533.038	5235.72	38.7681	39.4709	41.8603	5576.679	5238.3525	38.7632	39.4642	41.8576	5457.981	20223.9862	37.4199	38.6966	40.8169	248.703	
Traffic	32	2292.2025	36.0175	37.999	40.3254	5229.628	2313.8175	35.9873	37.9831	40.306	4337.939	2339.5163	35.9535	37.9587	40.2735	3448.826	2422.4437	35.8458	37.9075	40.2067	2596.868	2333.565	35.9858	38.0125	40.3329	4125.54	2481.2137	35.8214	37.9734	40.2907	2555.416	2871.2887	35.4655	37.8019	40.0633	1364.318	2317.5225	36.0053	37.9921	40.3053	5530.925	2529.1425	35.7541	38.0322	40.3215	3980.704	2339.7188	35.9597	38.0081	40.313	3682.305	2518.8863	35.7697	38.0344	40.3319	2616.106	2338.3275	36.0546	38.0205	40.3325	4682.486	2295.825	36.0223	38.0012	40.317	5157.286	2295.5738	36.0179	38.0036	40.3192	5125.595	2373.8325	35.9921	37.9838	40.3026	4912.015	2286.9713	36.0069	37.9817	40.3078	4866.263	2277.6188	35.9806	37.9804	40.2924	4590.089	2306.3325	35.9879	37.989	40.3022	2438.474	2312.0925	35.9987	38.0296	40.3234	5002.173	2292.8288	36.0173	37.9973	40.3153	4961.626	2295.2587	36.0179	37.9951	40.3137	4835.337	10217.595	34.4319	37.1772	39.3161	196.902	
Traffic	37	1122.75	33.2498	36.9551	39.2729	4819.92	1128.375	33.2211	36.9301	39.2553	3983.756	1134.3412	33.1837	36.9251	39.2386	3135.089	1165.6312	33.0816	36.8795	39.187	2300.457	1127.3587	33.2164	36.9566	39.2935	3830.957	1180.26	33.0707	36.9388	39.275	2393.203	1316.7262	32.748	36.8125	39.0938	1275.621	1132.4512	33.236	36.9426	39.2596	5287.609	1191.4462	33.0294	36.964	39.2599	3636.964	1135.335	33.2053	36.9603	39.2812	3348.652	1190.0438	33.0443	36.9624	39.266	2297.267	1141.0275	33.2889	36.9752	39.2932	4307.559	1123.3087	33.2484	36.9511	39.2664	4783.324	1125.1575	33.244	36.9497	39.2736	4730.884	1182.165	33.196	36.9342	39.2493	4550.267	1117.995	33.2364	36.939	39.2649	4535.634	1113.525	33.2147	36.934	39.2426	4292.807	1127.3175	33.2156	36.9326	39.2589	2079.238	1134.6187	33.2662	37.0154	39.2999	4647.521	1120.8412	33.25	36.9544	39.2729	4572.17	1122.2025	33.2489	36.9441	39.2669	4462.102	5022.3225	31.5241	36.2167	38.3718	160.494	
PeopleOnStreet	22	37168.185	40.8375	44.615	44.5424	9671.395	37356.3562	40.8222	44.5947	44.5291	8335.251	37529.0137	40.803	44.5665	44.5099	7049.925	37857.3	40.7866	44.5273	44.4785	5854.644	39052.095	40.8065	44.5832	44.5314	7035.179	43443.7012	40.6398	44.3384	44.3806	3823.406	51745.5975	40.5003	43.9159	44.0752	1922.279	37313.3587	40.8322	44.6054	44.5333	7957.76	39456.2513	40.824	44.5362	44.486	8069.054	37846.0462	40.8393	44.5846	44.5228	7818.837	39480.1312	40.8134	44.5313	44.4845	6458.76	38285.5013	40.8995	44.6482	44.5691	9020.504	37154.9512	40.8377	44.6152	44.5391	9173.474	37166.085	40.8368	44.5922	44.5275	8853.398	37912.7663	40.8417	44.5234	44.4901	8579.798	37152.4125	40.822	44.6062	44.5351	8604.955	37015.1512	40.7687	44.6067	44.5358	7821.215	37691.4187	40.8253	44.556	44.5095	6604.461	37116.2513	40.67	44.5488	44.4697	8769.512	37191.9412	40.8377	44.613	44.5416	9332.682	37310.925	40.8319	44.6009	44.533	9217.475	69968.2312	40.0486	43.6266	43.8435	413.399	
PeopleOnStreet	27	17042.5238	37.4712	42.6008	43.0405	8189.164	17126.2275	37.4592	42.5586	43.0059	6882.029	17207.5762	37.4454	42.5192	42.9861	5654.209	17288.9813	37.4198	42.4699	42.9339	4499.722	18038.7337	37.4529	42.6079	43.0615	6129.582	20687.5612	37.2837	42.3363	42.9128	3407.757	25827.9412	37.0538	41.8335	42.5363	1767.069	17163.6	37.4682	42.5678	43.0132	6793.223	18240.225	37.3872	42.506	42.9649	6672.326	17340.8625	37.4578	42.5722	43.0242	6383.572	18277.8937	37.3793	42.4934	42.9588	5102.977	17465.3025	37.5197	42.6237	43.0549	7509.076	17042.3213	37.4727	42.5758	43.0303	7734.709	17064.6187	37.4691	42.5527	43.0061	7394.652	17686.6575	37.474	42.4229	42.921	7196.221	17049.2513	37.4618	42.5925	43.0328	7387.545	16990.0537	37.4203	42.5872	43.0253	6824.042	17358.9075	37.4609	42.5166	42.9951	5309.053	17419.41	37.4389	42.5535	42.9892	7659.151	17056.2938	37.4712	42.5918	43.0382	7858.09	17087.1112	37.4621	42.5783	43.0218	7730.274	40951.1775	37.011	41.4698	42.1498	360.101	
PeopleOnStreet	32	8810.91	34.3459	40.9763	41.6996	7295.436	8849.8275	34.3242	40.9196	41.6503	6057.045	8880.15	34.2982	40.86	41.6215	4850.776	8912.2687	34.2563	40.7757	41.5615	3757.109	9119.5688	34.2965	40.9806	41.7122	5571.5	10422.7275	34.092	40.7637	41.6342	3137.979	13065.2062	33.7094	40.2593	41.2404	1666.432	8895.7687	34.3393	40.9567	41.6774	6184.8	9181.4812	34.153	40.8835	41.5986	5801.358	8882.79	34.3006	40.9494	41.6773	5537.736	9209.7862	34.1389	40.8619	41.5759	4253.331	8950.875	34.3658	40.9874	41.6811	6640.973	8812.2787	34.3432	40.9455	41.682	6878.526	8827.08	34.3378	40.869	41.6093	6599.111	9186.7275	34.2702	40.7038	41.5381	6392.002	8810.4637	34.3349	40.9566	41.6817	6665.889	8806.455	34.3062	40.9633	41.6787	6239.766	8903.3587	34.2999	40.9004	41.6482	4420.183	9098.4525	34.3646	40.9218	41.5963	6968.245	8813.0775	34.3433	40.9651	41.6765	7003.558	8823.75	34.3359	40.9542	41.675	6857.805	23646.2512	33.9054	39.6582	40.6668	322.268	
PeopleOnStreet	37	4990.41	31.5132	39.811	40.677	6699.808	5011.35	31.4795	39.7453	40.6372	5510.982	5026.7962	31.4557	39.685	40.6001	4349.58	5039.0813	31.3893	39.5956	40.5485	3301.73	5062.9575	31.4828	39.8152	40.7087	5206.023	5525.07	31.1811	39.6998	40.6774	2946.77	6726.8362	30.6912	39.2661	40.3907	1593.098	5042.865	31.4978	39.7752	40.6474	5789.775	5095.1962	31.3206	39.7141	40.5811	5250.894	5003.295	31.4689	39.7941	40.6839	5015.11	5115.6937	31.2998	39.6952	40.5308	3741.079	5047.8488	31.5357	39.8055	40.7123	6089.499	4990.3725	31.4988	39.7609	40.641	6305.503	5001.3975	31.4826	39.6883	40.5811	6044.467	5189.6325	31.3451	39.5231	40.483	5869.393	4989.8325	31.5025	39.7925	40.6758	6193.597	4977.1163	31.4749	39.78	40.6455	5825.981	5023.095	31.4583	39.7329	40.6252	3776.833	5109.945	31.5097	39.7526	40.5924	6418.199	4991.19	31.5132	39.804	40.6814	6392.754	4992.51	31.5068	39.7858	40.6878	6272.639	13229.355	30.792	38.5463	39.7096	290.661	
BasketballDrive	22	16658.125	39.6254	44.1198	45.189	4419.636	16693.0125	39.6239	44.12	45.1812	3772.445	16782.9813	39.6202	44.1047	45.1703	3164.855	17071.2188	39.6067	44.074	45.127	2620.719	16846.6625	39.615	44.107	45.1739	3296.798	17313.1437	39.5718	44.0458	45.1043	1820.94	18239.3375	39.4912	43.9355	44.9552	915.837	16715.8813	39.6228	44.1184	45.1849	3765.795	17342.8937	39.6062	44.1129	45.1664	3666.589	16883.5063	39.6215	44.1245	45.1873	3574.966	17426.4438	39.6029	44.1056	45.1596	2952.658	17482.7438	39.6779	44.1506	45.2386	4116.68	16672.3625	39.6266	44.1221	45.197	4109.356	16689.9625	39.6265	44.1204	45.1884	3950.789	16929.6875	39.6244	44.1062	45.1717	3830.493	16629.0375	39.6183	44.1188	45.1914	3955.026	16593.9313	39.6023	44.1146	45.1728	3614.764	16718.725	39.6204	44.1098	45.1725	2756.682	18630.8625	39.6585	44.052	45.0952	4004.018	16659.3937	39.6251	44.1188	45.1894	4270.036	16707.075	39.6221	44.1131	45.1779	4215.072	36176.2063	39.4987	43.7915	44.7283	202.42	
BasketballDrive	27	5993.7438	37.9475	42.7256	43.0278	3660.732	6020.1063	37.9415	42.7112	43.0241	3047.115	6054.3813	37.9324	42.6895	43.006	2484.5	6195.8563	37.8971	42.6476	42.9365	1951.878	6094.7688	37.938	42.7182	42.9904	2801.689	6422.65	37.8974	42.6432	42.9024	1588.726	7088.3875	37.8068	42.4662	42.6846	818.316	6018.35	37.9436	42.7109	42.9959	3218.585	6300.4563	37.9015	42.7036	43.003	2946.722	6070.8688	37.933	42.7172	43.0194	2835.741	6312.4688	37.8959	42.6929	42.9881	2261.771	6184.1875	37.9862	42.7413	43.0793	3356.57	5993.8625	37.9458	42.7159	43.0178	3384.482	6006.4375	37.9427	42.7058	43.0044	3238.131	6209.7875	37.9388	42.6883	42.9838	3134.321	5985.4	37.9407	42.7191	43.0102	3324.906	5987.575	37.9283	42.7198	43.0158	3109.544	6031.225	37.9372	42.7093	43.0038	2061.962	6537.7625	37.9878	42.6832	43.0077	3404.661	6000.725	37.9453	42.7219	43.0153	3507.384	6015.3	37.9405	42.7096	43.0093	3452.184	17477.5312	37.7489	42.2859	42.5872	178.473	
BasketballDrive	32	2851.95	36.0978	41.3138	40.9669	3203.791	2859.375	36.0928	41.3037	40.9488	2623.703	2875.925	36.0757	41.2811	40.9496	2092.565	2940.2313	36.0293	41.2457	40.9097	1592.857	2875.7688	36.0859	41.3022	40.9793	2509.159	3031.1063	36.0277	41.2246	40.868	1449.13	3364.575	35.9049	41.021	40.6421	760.59	2861.8563	36.0915	41.3112	40.9627	2896.81	2961.6688	36.015	41.3051	40.9697	2505.763	2875.7313	36.0772	41.3291	40.9825	2413.507	2964.8313	36.0063	41.2793	40.9238	1836.676	2926.7875	36.1507	41.3573	41.0526	2916.239	2852.825	36.094	41.3185	40.9809	2963.46	2867.4938	36.0986	41.3115	40.9768	2836.441	2963.9563	36.0684	41.2559	40.9232	2744.854	2848.7063	36.0988	41.3178	40.9739	2951.437	2846.2375	36.0784	41.2978	40.9808	2789.902	2864.8688	36.0836	41.2973	40.9626	1650.548	3083.9375	36.1429	41.3107	41.0491	3046.019	2855.6375	36.0989	41.336	40.982	3063.093	2863.475	36.0893	41.3197	40.9596	3001.147	9077.9625	35.6732	40.7484	40.5719	155.565	
BasketballDrive	37	1479.925	34.0366	40.251	39.598	2912.115	1487.325	34.0286	40.2361	39.591	2369.941	1493.5125	34.0094	40.2234	39.5711	1851.024	1514.9688	33.9578	40.1633	39.5225	1388.751	1485.775	34.0243	40.2893	39.5806	2302.48	1546.025	33.9641	40.1756	39.4551	1351.708	1695.7438	33.8227	39.9674	39.2467	721.873	1486.7438	34.0227	40.2344	39.5895	2703.306	1518.95	33.9425	40.2473	39.5852	2242.62	1489.875	34.0191	40.2517	39.5931	2146.543	1521.5125	33.9284	40.208	39.5444	1579.316	1513.7625	34.0829	40.2999	39.6742	2623.488	1484.7063	34.0379	40.2506	39.6041	2697.07	1486.8688	34.0281	40.2455	39.5998	2597.007	1570.775	33.9857	40.2097	39.5382	2505.572	1476.1688	34.0312	40.2459	39.5981	2703.881	1478.2125	34.0057	40.234	39.5948	2559.24	1487.2125	34.0152	40.2359	39.6038	1394.469	1568.3563	34.0386	40.2701	39.5942	2776.431	1482.4125	34.0328	40.2524	39.5913	2763.1	1483.925	34.0324	40.2131	39.5804	2703.652	4804.0	33.2925	39.6199	39.152	130.698	
ParkScene	22	8727.12	39.8413	41.7919	43.0577	3911.544	8763.234	39.8295	41.7791	43.0353	3383.816	8889.102	39.8035	41.7464	43.001	2879.419	9273.156	39.7223	41.6534	42.8652	2403.401	8965.47	39.8017	41.7853	43.0269	2948.241	9593.877	39.6277	41.7262	42.9448	1626.536	11001.768	39.4301	41.5303	42.6591	830.212	8769.684	39.8349	41.7886	43.0506	3289.548	9750.738	39.7	41.7442	42.9952	3269.591	8954.028	39.8029	41.7719	43.032	3073.853	9693.135	39.7044	41.7509	43.004	2548.626	9013.083	39.892	41.8342	43.0965	3618.274	8718.981	39.8414	41.7938	43.0538	3840.913	8726.43	39.8404	41.7942	43.0581	3784.187	8770.512	39.8365	41.7892	43.0533	3675.078	8724.987	39.8228	41.7817	43.0465	3507.463	8712.027	39.7712	41.7685	43.0314	3210.46	8807.373	39.8213	41.7792	43.0405	2444.14	8746.443	39.7385	41.6697	42.9066	3636.354	8727.216	39.8425	41.7983	43.0581	3813.876	8735.673	39.8419	41.7926	43.056	3778.277	28836.093	38.8123	40.9605	41.8936	214.758	
ParkScene	27	3544.107	36.9759	39.7308	40.8637	3204.923	3560.157	36.9606	39.7162	40.8526	2699.059	3603.618	36.9368	39.7028	40.8334	2223.157	3712.521	36.8636	39.5953	40.7029	1764.328	3619.977	36.9298	39.7299	40.8824	2471.493	3814.707	36.7475	39.6746	40.8214	1374.9	4295.163	36.4594	39.4291	40.5746	716.215	3566.445	36.9678	39.7212	40.8505	2799.89	3825.93	36.7692	39.7021	40.8384	2553.203	3595.689	36.9218	39.7172	40.8487	2399.041	3808.23	36.7829	39.7017	40.8296	1865.636	3645.627	37.0209	39.7659	40.8927	2910.897	3544.875	36.9706	39.7358	40.87	3125.175	3547.419	36.9721	39.7352	40.8587	3075.689	3582.048	36.9602	39.7223	40.8581	2973.725	3539.466	36.9551	39.7163	40.8431	2927.553	3530.328	36.9165	39.6944	40.8407	2730.225	3568.398	36.948	39.7131	40.847	1762.538	3566.574	36.8902	39.6461	40.819	3075.232	3542.829	36.9722	39.7343	40.8642	3106.054	3550.707	36.9731	39.7339	40.8613	3058.516	13453.068	35.5997	38.7754	40.0257	166.712	
ParkScene	32	1510.131	34.2129	38.1488	39.5446	2789.208	1514.727	34.1932	38.1349	39.5249	2315.258	1532.376	34.1686	38.1222	39.5156	1857.791	1562.703	34.1085	38.0382	39.433	1416.012	1520.382	34.1696	38.1703	39.5567	2179.17	1567.941	34.0196	38.1291	39.5517	1227.676	1704.906	33.7224	37.9262	39.4031	645.409	1523.121	34.2051	38.1372	39.5312	2548.53	1584.777	34.0392	38.1452	39.5323	2153.833	1521.087	34.174	38.1507	39.5327	2025.051	1583.556	34.045	38.1441	39.5216	1493.954	1550.799	34.2572	38.1815	39.5595	2509.901	1511.382	34.2105	38.1525	39.538	2725.297	1511.163	34.2065	38.1485	39.5378	2680.092	1531.359	34.1837	38.1312	39.5205	2574.856	1506.828	34.196	38.139	39.5255	2577.233	1501.569	34.1615	38.1095	39.5052	2438.141	1515.519	34.1854	38.1251	39.525	1351.758	1519.017	34.1497	38.0972	39.5087	2731.305	1511.817	34.2153	38.1496	39.5381	2699.134	1511.814	34.2063	38.1463	39.5262	2659.527	5514.984	32.43	37.3202	39.036	118.807	
ParkScene	37	654.861	31.6735	37.069	38.8175	2532.793	655.968	31.6586	37.0555	38.8152	2085.537	661.968	31.6403	37.0509	38.794	1644.978	670.503	31.5719	36.9918	38.7584	1219.179	653.088	31.6613	37.0699	38.8366	1977.759	662.484	31.5528	37.0807	38.8815	1137.199	692.976	31.318	36.9458	38.8115	599.332	658.686	31.6683	37.0535	38.8002	2401.23	670.038	31.5633	37.0617	38.8041	1928.437	655.74	31.6527	37.0643	38.8113	1798.644	672.645	31.558	37.0582	38.8057	1270.27	671.697	31.7162	37.0994	38.8236	2262.925	654.429	31.6695	37.0572	38.8152	2475.864	656.706	31.6668	37.0679	38.817	2433.847	665.922	31.632	37.0553	38.8151	2335.605	652.191	31.6539	37.0431	38.8236	2374.78	649.41	31.6358	37.0318	38.7981	2250.962	655.881	31.6472	37.0585	38.8102	1120.718	655.749	31.6344	37.0626	38.8013	2503.672	652.971	31.6714	37.0629	38.8256	2442.7	654.885	31.6635	37.0671	38.8087	2408.076	2191.707	29.9562	36.4589	38.4845	88.11	
RaceHorsesC	22	6289.0425	39.489	41.3197	42.1995	1124.643	6342.2212	39.491	41.3048	42.1856	978.013	6454.95	39.497	41.2868	42.1792	835.628	6769.4887	39.5242	41.2112	42.1339	713.033	6532.9462	39.4571	41.3058	42.171	804.215	7169.2987	39.3498	41.2591	42.0915	429.443	8484.2213	39.2388	41.1172	41.9117	223.118	6315.2662	39.4872	41.313	42.207	900.118	7007.775	39.5124	41.2712	42.1666	931.607	6469.05	39.4986	41.2982	42.1788	905.539	6994.4362	39.5083	41.2805	42.1579	773.629	6486.24	39.5941	41.3994	42.2754	1026.039	6282.4987	39.4896	41.3212	42.2072	1022.403	6293.4262	39.4885	41.3209	42.1962	983.278	6508.425	39.4934	41.3038	42.1757	964.174	6296.8762	39.4748	41.3196	42.195	951.109	6312.7275	39.4268	41.3063	42.1966	851.937	6370.5337	39.481	41.3045	42.1868	787.793	6334.7775	39.3413	41.193	42.0422	961.155	6284.4487	39.4892	41.3119	42.206	1054.48	6306.3713	39.4896	41.3176	42.2006	1041.256	13169.4187	38.7415	40.8289	41.5462	52.07	
RaceHorsesC	27	2528.1262	35.4574	38.7522	39.7774	924.33	2556.1275	35.434	38.7333	39.7659	782.882	2616.2438	35.394	38.7084	39.7324	645.509	2717.5687	35.296	38.6688	39.7024	526.984	2682.8025	35.4185	38.6975	39.709	687.251	3032.3663	35.2226	38.5541	39.5264	372.212	3723.7762	34.9109	38.2472	39.1927	201.804	2540.6137	35.4472	38.7305	39.7612	745.369	2857.215	35.2236	38.7078	39.7133	744.67	2593.695	35.3934	38.7381	39.7396	716.763	2845.1887	35.2199	38.6917	39.6906	589.581	2611.0312	35.5228	38.8199	39.8382	830.555	2527.7962	35.4564	38.7612	39.7745	830.047	2533.5187	35.4511	38.7415	39.7609	794.076	2641.5862	35.4372	38.7224	39.7287	776.265	2530.425	35.4397	38.7346	39.7718	795.34	2527.2337	35.3954	38.7259	39.7672	727.158	2572.5563	35.4336	38.7216	39.7466	604.089	2587.4738	35.4341	38.6974	39.6798	814.194	2527.4025	35.4581	38.7493	39.7824	858.292	2533.8975	35.4481	38.7552	39.7766	856.546	7785.0262	35.0486	38.1446	39.0451	45.749	
RaceHorsesC	32	1128.3338	32.0627	36.9044	37.8268	793.278	1145.6925	32.0372	36.8746	37.7879	657.342	1167.5963	31.9859	36.867	37.8015	526.162	1200.0	31.8844	36.8166	37.7191	413.7	1176.9225	31.9818	36.8158	37.7274	605.963	1305.7162	31.6987	36.6198	37.5017	329.948	1561.8787	31.2398	36.208	37.0826	184.347	1140.2137	32.0528	36.8788	37.8046	649.22	1228.7925	31.7732	36.8535	37.7668	610.94	1148.5725	32.0083	36.8922	37.7947	592.183	1228.3837	31.7623	36.8494	37.7511	462.826	1162.02	32.1042	36.9555	37.8994	702.986	1127.8763	32.0574	36.901	37.8299	705.907	1133.5462	32.0579	36.8721	37.8193	672.393	1186.6988	31.9876	36.8273	37.7565	655.715	1124.5612	32.042	36.8812	37.814	691.23	1122.8663	31.9969	36.8743	37.8218	643.937	1145.1375	32.0196	36.8452	37.7999	478.349	1159.1175	32.0221	36.8286	37.7324	715.668	1128.045	32.0612	36.8915	37.8218	732.065	1131.3	32.0497	36.8836	37.8393	719.169	4000.6462	31.2447	36.1419	36.9336	39.679	
RaceHorsesC	37	517.5638	29.1105	35.7319	36.432	696.087	523.4362	29.0773	35.716	36.3928	567.589	531.2663	29.053	35.6723	36.3974	445.391	536.3138	28.9729	35.6518	36.3588	337.249	528.465	29.046	35.6778	36.3605	542.628	563.3475	28.7879	35.3943	36.1417	297.278	646.3875	28.3422	35.0521	35.7419	169.855	522.945	29.0818	35.7263	36.4071	582.477	541.3312	28.8982	35.6878	36.3941	518.925	521.7525	29.066	35.7047	36.4078	504.51	544.7962	28.8731	35.6638	36.3737	376.26	527.985	29.1288	35.7761	36.4774	609.277	517.4137	29.1043	35.7896	36.4306	617.259	519.4725	29.097	35.72	36.3881	587.047	548.3325	28.9889	35.6367	36.3239	572.127	516.1687	29.0871	35.7353	36.4373	612.19	513.51	29.0593	35.7182	36.3759	579.161	521.9925	29.0647	35.7033	36.4066	385.827	521.9362	29.0224	35.6812	36.3641	632.789	518.3512	29.1108	35.7145	36.4249	638.286	518.235	29.1034	35.7263	36.4121	625.755	1750.9612	27.979	34.9123	35.4455	33.287	
BQMall	22	5397.42	39.6266	42.6368	43.5766	749.245	5458.5825	39.6088	42.6204	43.5642	651.329	5522.52	39.5792	42.6029	43.546	555.123	5625.1125	39.5398	42.5756	43.4946	466.372	5748.6075	39.5696	42.5778	43.4933	566.161	6559.575	39.3351	42.4561	43.3681	320.657	8238.18	39.0605	42.1815	43.0674	163.861	5430.3525	39.6217	42.6286	43.575	633.962	6085.6875	39.4869	42.6005	43.522	646.786	5624.9325	39.582	42.6279	43.5604	607.749	5999.2125	39.5071	42.5938	43.5407	508.952	5563.5	39.6844	42.6757	43.6332	694.613	5400.2475	39.6238	42.6329	43.574	726.565	5396.8125	39.6265	42.6306	43.5725	711.975	5472.5925	39.6229	42.6221	43.5515	689.806	5400.3	39.6097	42.6212	43.5655	661.217	5412.645	39.5625	42.6176	43.5506	602.249	5504.175	39.6052	42.6195	43.5428	483.37	5542.05	39.5601	42.5601	43.4877	668.443	5411.745	39.6229	42.6297	43.5679	720.786	5423.31	39.6248	42.6138	43.5742	711.345	13643.67	38.3632	41.8181	42.6214	39.569	
BQMall	27	2462.7825	36.5677	40.507	40.9303	627.211	2492.6025	36.5346	40.4676	40.9172	533.302	2513.28	36.5094	40.4718	40.8812	440.791	2562.5175	36.4592	40.4068	40.8564	353.52	2639.61	36.4668	40.4092	40.8637	483.592	3061.0275	36.1747	40.2849	40.7031	275.644	3877.9575	35.7289	40.0051	40.432	143.51	2480.8575	36.555	40.4956	40.9358	542.662	2771.58	36.3322	40.4689	40.8772	525.052	2541.9675	36.495	40.4853	40.9048	485.246	2735.2875	36.3505	40.4735	40.8681	391.345	2530.92	36.614	40.534	40.9878	574.064	2464.275	36.5621	40.4984	40.9464	607.33	2463.0975	36.561	40.5062	40.9443	592.456	2514.6525	36.555	40.4511	40.8946	572.475	2463.69	36.5471	40.4922	40.9235	564.822	2468.5575	36.5091	40.4908	40.9036	522.134	2518.2675	36.5336	40.4694	40.9274	374.571	2535.495	36.5282	40.4781	40.9018	579.044	2468.01	36.5516	40.4977	40.8947	602.151	2477.7675	36.5536	40.4956	40.914	590.967	7504.4025	35.07	39.7574	40.2102	30.981	
BQMall	32	1200.525	33.4729	38.8568	38.9529	551.768	1221.51	33.439	38.8372	38.9216	462.706	1224.84	33.3934	38.8246	38.8955	373.353	1249.5675	33.3347	38.7521	38.8593	288.004	1267.365	33.337	38.7947	38.8665	431.29	1442.55	32.99	38.5988	38.6907	246.651	1786.35	32.4355	38.3488	38.3587	130.666	1214.1975	33.4522	38.8671	38.95	488.467	1317.4725	33.1638	38.8256	38.9073	449.006	1230.27	33.378	38.8542	38.9276	414.424	1301.2725	33.1925	38.8435	38.9125	317.414	1227.8175	33.5004	38.9148	38.9816	499.819	1206.18	33.4718	38.8779	38.9533	533.67	1202.34	33.4603	38.8759	38.9364	521.243	1230.0225	33.4304	38.7868	38.8864	500.575	1197.18	33.4458	38.8724	38.94	504.769	1199.805	33.4203	38.8561	38.9071	471.09	1224.0	33.4124	38.8417	38.9307	303.606	1226.6025	33.4178	38.7686	38.8	519.593	1202.43	33.4613	38.8671	38.9434	526.306	1207.5075	33.4582	38.8506	38.9319	516.011	3924.36	31.8799	37.984	38.1609	25.578	
BQMall	37	612.2025	30.4879	37.5142	37.4694	501.623	618.0075	30.4337	37.464	37.4247	415.417	620.7375	30.4103	37.5156	37.4559	330.651	625.9125	30.3516	37.4294	37.3701	249.707	628.5825	30.3597	37.5483	37.4393	395.718	694.8375	30.0576	37.4241	37.2997	226.926	821.9175	29.5264	37.1306	36.9839	121.493	619.95	30.4735	37.5101	37.4909	453.627	651.3375	30.2313	37.5327	37.4862	398.678	616.83	30.4178	37.5341	37.4702	367.336	648.0375	30.228	37.5167	37.4429	272.375	621.6825	30.5116	37.5583	37.5286	450.196	612.165	30.4903	37.5367	37.4812	484.69	610.9875	30.4793	37.5158	37.4976	473.255	622.8	30.4151	37.5048	37.4684	455.435	610.2	30.476	37.4961	37.4859	460.51	607.5675	30.4477	37.5029	37.4735	434.912	616.8375	30.4378	37.4742	37.4562	255.161	621.09	30.4298	37.5547	37.4397	479.106	611.1	30.4793	37.5298	37.433	477.033	610.5	30.4669	37.5358	37.4612	466.91	1919.22	28.9128	36.7852	36.8313	21.724	
ChinaSpeed	22	5265.2887	43.4042	45.5647	45.7258	1644.736	5299.5262	43.3857	45.5571	45.7061	1421.892	5353.4625	43.3708	45.5403	45.6887	1195.385	5518.1438	43.3336	45.4769	45.6384	1002.01	5797.5075	43.2178	45.4109	45.5569	1307.711	7661.31	42.6958	45.2528	45.3715	733.066	10152.81	42.0887	44.8062	44.8334	379.026	5298.36	43.405	45.5556	45.6998	1480.873	5239.845	43.3941	45.5523	45.7164	1428.927	5247.1163	43.4085	45.5623	45.7196	1348.498	5229.57	43.3997	45.5597	45.6949	1135.29	5243.955	43.5061	45.6602	45.8098	1592.826	5276.1263	43.4074	45.5708	45.7106	1644.672	5323.7962	43.4058	45.5595	45.7065	1574.264	5719.9312	43.3565	45.5113	45.6584	1543.584	5295.7463	43.3907	45.5381	45.6939	1471.344	5454.315	43.3252	45.528	45.6782	1337.833	5461.2562	43.3564	45.5143	45.6597	1083.907	5346.7987	43.3329	45.5572	45.6775	1515.369	5271.3412	43.4011	45.5682	45.714	1610.153	5283.5925	43.4014	45.5648	45.7116	1593.472	12034.545	41.1865	44.3333	44.3598	88.657	
ChinaSpeed	27	2672.8125	39.4044	42.4214	42.4326	1426.667	2695.3575	39.3896	42.4047	42.4184	1210.687	2727.4612	39.3658	42.3777	42.3785	999.956	2831.5725	39.2887	42.3289	42.3213	820.168	2936.4225	39.1432	42.2382	42.2709	1159.221	3871.2525	38.4735	42.0576	42.074	663.903	5030.4187	37.6036	41.6254	41.5848	349.085	2693.94	39.395	42.4143	42.4117	1304.212	2653.53	39.3979	42.433	42.4464	1216.954	2660.9625	39.4089	42.4362	42.4374	1139.372	2655.705	39.4115	42.4225	42.4385	929.784	2677.5675	39.5135	42.5068	42.5451	1369.977	2680.8375	39.4062	42.4276	42.4148	1434.268	2701.6462	39.3861	42.3982	42.396	1370.526	2945.34	39.2916	42.2792	42.2871	1352.503	2694.2287	39.3857	42.4007	42.4234	1291.752	2768.5162	39.2937	42.3993	42.4022	1192.198	2765.505	39.338	42.3439	42.3168	884.838	2792.2613	39.4723	42.4862	42.4876	1346.98	2674.5075	39.4038	42.4315	42.4323	1398.027	2682.3863	39.3918	42.4213	42.4139	1377.935	6863.2425	37.4992	41.415	41.4098	76.504	
ChinaSpeed	32	1397.9813	35.6673	40.0517	39.8879	1237.125	1409.2088	35.6334	40.0182	39.8578	1038.278	1429.455	35.6007	39.9773	39.8239	837.268	1486.5187	35.5052	39.9437	39.7274	669.396	1508.6325	35.3561	39.8899	39.6483	1020.037	1822.485	34.5253	39.6995	39.5002	596.4	2215.665	33.5816	39.3513	39.0266	320.084	1413.9637	35.6456	40.019	39.8887	1160.342	1397.76	35.6779	40.0268	39.8738	1029.177	1395.675	35.6766	40.0214	39.9083	959.926	1402.6988	35.6908	40.0347	39.8833	748.529	1407.975	35.7741	40.1204	39.9757	1168.035	1399.8112	35.6563	40.0091	39.8739	1253.678	1414.5712	35.6323	39.9834	39.8479	1202.66	1531.95	35.4644	39.8632	39.706	1203.37	1406.7713	35.6409	40.0284	39.8714	1130.741	1430.4037	35.5015	40.0228	39.8719	1056.151	1439.4825	35.5822	39.9628	39.8211	707.225	1456.755	35.715	40.0413	39.8909	1188.979	1399.9913	35.6546	40.0183	39.8932	1203.719	1402.8225	35.6531	40.0143	39.8958	1187.058	3507.5812	33.7205	39.0967	38.8544	62.715	
ChinaSpeed	37	756.3975	32.196	38.3816	38.1829	1095.332	763.6387	32.1796	38.3654	38.1584	906.308	772.4662	32.1396	38.368	38.0994	718.995	799.0387	31.9998	38.2914	38.0136	559.658	789.4275	31.8467	38.3066	37.815	904.649	830.34	31.0822	38.1723	37.6777	537.528	906.2062	30.2782	37.8446	37.1438	292.353	761.9662	32.1898	38.3732	38.1404	1058.295	763.7175	32.2427	38.3798	38.1237	889.273	758.6025	32.2302	38.3655	38.1282	821.399	769.1212	32.2456	38.3796	38.1049	617.596	770.67	32.3065	38.4063	38.1708	1017.052	757.1437	32.1987	38.3642	38.1387	1120.249	764.8312	32.1854	38.3549	38.1289	1074.672	809.6062	31.9718	38.2419	37.9952	1071.754	756.2025	32.1775	38.3768	38.1342	1014.111	755.2725	32.0568	38.3894	38.15	953.474	770.4937	32.1117	38.3165	38.0905	574.134	779.7713	32.2332	38.407	38.2029	1065.69	756.075	32.2026	38.3781	38.1223	1061.529	757.545	32.1864	38.3893	38.1511	1041.737	1626.8887	30.2005	37.5435	36.904	48.404	
BasketballDrillText	22	3463.2125	40.583	42.8954	43.4433	780.967	3539.175	40.5155	42.8151	43.374	683.062	3600.4688	40.4843	42.808	43.3714	577.669	3700.7375	40.4458	42.7804	43.334	471.253	3655.8375	40.4817	42.7576	43.3079	570.308	4078.75	40.2795	42.6582	43.1726	323.085	4912.825	40.0022	42.3502	42.8363	165.455	3483.8188	40.5756	42.8565	43.4435	641.011	3931.6313	40.4747	42.9762	43.5196	635.649	3611.2938	40.523	42.9457	43.5039	604.635	3902.6938	40.4678	42.975	43.5311	502.929	3575.2812	40.6255	42.9316	43.4986	698.047	3464.1875	40.5809	42.8802	43.4318	728.563	3479.9125	40.5787	42.8757	43.426	710.611	3587.1313	40.5813	42.8525	43.4122	692.116	3463.65	40.566	42.876	43.4426	671.97	3458.5375	40.5239	42.8742	43.4351	610.005	3516.0125	40.5579	42.8582	43.4214	491.922	3589.75	40.6108	42.8399	43.4108	669.87	3471.9125	40.5781	42.8739	43.4558	728.407	3477.0	40.5763	42.8666	43.4426	717.118	7500.8375	39.4724	42.1563	42.4644	38.057	
BasketballDrillText	27	1644.4313	37.379	40.2494	40.5067	667.615	1669.0438	37.3191	40.1897	40.4745	568.627	1697.85	37.276	40.1265	40.4288	469.974	1729.4875	37.2403	40.1014	40.3863	367.485	1726.0813	37.2981	40.1313	40.3911	496.11	1912.0813	37.0973	39.9878	40.183	281.801	2270.1125	36.7837	39.6613	39.7362	146.637	1651.0875	37.3644	40.2291	40.4982	557.035	1809.8875	37.1744	40.2985	40.5024	523.713	1685.375	37.292	40.3115	40.5627	494.233	1790.275	37.1849	40.2912	40.5287	392.454	1689.1688	37.4054	40.285	40.5667	589.816	1646.3375	37.3824	40.2382	40.5171	616.661	1652.0312	37.3748	40.246	40.5029	600.35	1720.7625	37.3719	40.2065	40.4296	580.551	1643.0625	37.3696	40.2537	40.5398	580.062	1641.6813	37.338	40.2667	40.5011	534.141	1662.4438	37.3547	40.2196	40.4836	385.728	1741.0375	37.5324	40.3274	40.5743	586.635	1642.5875	37.3723	40.2503	40.5085	615.463	1650.7	37.3619	40.2485	40.4995	604.536	3894.8688	36.3747	39.563	39.5837	29.459	
BasketballDrillText	32	796.9375	34.4224	38.0208	38.1175	584.855	805.075	34.3751	37.9936	38.106	489.858	818.2125	34.3335	37.9681	38.0743	395.578	829.4375	34.2744	37.9268	38.035	294.916	826.7375	34.3519	37.9054	37.9017	439.496	902.675	34.1845	37.7167	37.6203	251.294	1057.4375	33.8679	37.3304	37.2277	132.79	801.25	34.4177	38.0411	38.0828	497.37	844.075	34.2073	38.0273	38.0769	441.661	809.3063	34.3672	38.0614	38.1631	416.044	842.9875	34.2144	38.0273	38.078	314.536	816.9938	34.4333	38.0645	38.1517	507.972	798.225	34.4296	38.0152	38.134	537.642	802.6188	34.4166	38.0258	38.0943	522.201	843.0312	34.3888	37.9678	37.9771	503.138	794.7188	34.4227	38.0437	38.0936	512.486	795.9875	34.4003	38.0453	38.0796	478.457	802.5875	34.4061	38.0018	38.092	307.278	834.0813	34.5221	38.1567	38.1934	525.385	796.3313	34.4262	38.0469	38.1313	534.166	801.6625	34.4145	38.0354	38.1371	524.138	1960.375	33.5247	37.2521	37.0548	22.848	
BasketballDrillText	37	415.825	31.8098	36.3523	36.3496	530.514	420.9	31.7626	36.3345	36.3138	438.473	424.5688	31.7011	36.281	36.296	346.27	426.6562	31.6539	36.2736	36.2236	249.982	423.2938	31.702	36.274	36.1557	399.599	457.6313	31.5328	36.0539	35.9145	230.381	526.9125	31.2462	35.7727	35.562	123.138	419.5375	31.7811	36.3419	36.2804	461.772	426.2	31.6034	36.3249	36.2973	390.043	419.3875	31.7465	36.3406	36.3197	365.539	428.4313	31.6063	36.2854	36.2835	265.312	425.3688	31.8301	36.3944	36.4118	452.922	416.275	31.8136	36.3488	36.3336	482.91	421.9688	31.8018	36.3427	36.318	469.802	449.5125	31.7537	36.2603	36.2125	454.108	415.4625	31.8026	36.3571	36.3401	469.376	415.0438	31.7838	36.3675	36.3227	439.906	418.8375	31.7857	36.3445	36.3151	256.067	424.6562	31.8241	36.4911	36.4217	482.424	417.9	31.8056	36.3733	36.3202	481.536	416.8313	31.7838	36.3509	36.3156	471.174	1037.5187	30.9452	35.5134	35.2976	18.935	
Johnny	22	2178.2175	42.8218	47.7554	48.3656	1189.548	2190.6525	42.8058	47.749	48.3511	1004.054	2211.0375	42.7879	47.7256	48.3259	813.435	2315.73	42.7583	47.6986	48.2649	657.611	2196.4875	42.8055	47.7523	48.3367	961.165	2262.54	42.7296	47.7299	48.2822	554.836	2501.61	42.5803	47.572	48.1438	293.151	2187.8025	42.8111	47.737	48.3154	1188.416	2340.51	42.7691	47.7124	48.3039	1023.799	2227.665	42.8006	47.7306	48.3373	924.672	2329.5975	42.7722	47.7314	48.3119	689.968	2302.2225	42.8499	47.7658	48.3509	1141.414	2170.905	42.8183	47.7534	48.3538	1248.003	2171.3475	42.8166	47.7349	48.3542	1219.418	2178.4275	42.8136	47.7375	48.3424	1117.147	2163.87	42.8043	47.7362	48.3301	1083.199	2142.2925	42.7774	47.7222	48.325	1011.46	2186.7375	42.8053	47.7532	48.3541	604.141	2137.05	42.7551	47.7146	48.2734	1104.986	2176.9275	42.8144	47.7571	48.3417	1123.768	2188.7025	42.8136	47.7403	48.3259	1099.871	6149.7825	42.1668	47.2738	47.7273	43.429	
Johnny	27	650.655	41.0142	46.0409	46.6979	1022.091	654.375	41.0132	46.0552	46.7071	846.413	658.47	40.9919	46.025	46.666	670.798	680.145	40.941	45.9719	46.5959	519.618	667.95	40.9881	46.0812	46.6684	842.783	709.665	40.8979	46.0074	46.6007	488.415	818.8875	40.6596	45.8923	46.4988	257.855	656.6925	41.0153	46.0286	46.6899	1071.75	700.83	40.9206	46.0135	46.6558	868.216	662.6175	40.9919	46.0177	46.6795	766.823	695.175	40.9289	46.0066	46.6433	541.856	670.1025	41.0404	46.0364	46.6957	974.483	650.3775	41.0136	46.0374	46.6927	1084.009	650.205	41.0216	46.0477	46.6816	1061.577	651.135	41.0032	46.0414	46.682	961.72	648.8475	41.0124	46.0214	46.6885	946.913	644.16	40.9905	46.0331	46.6842	898.054	658.815	40.9997	46.0564	46.7018	452.996	661.2975	40.9986	46.0609	46.6522	975.927	653.0325	41.0163	46.0295	46.6956	965.67	651.0225	41.0094	46.0203	46.673	938.625	2616.69	39.8493	45.5005	45.8928	32.354	
Johnny	32	301.71	38.9958	44.3519	44.8011	959.83	301.725	38.9794	44.3782	44.8272	788.893	303.72	38.9675	44.3588	44.8232	614.618	308.4825	38.8961	44.329	44.7204	466.977	307.6125	38.9181	44.4393	44.9124	797.842	325.5675	38.8083	44.2717	44.7749	461.368	373.4025	38.5091	44.2	44.7553	243.707	304.0575	38.9873	44.3476	44.8352	1025.859	314.7825	38.8586	44.3311	44.7915	808.223	305.2125	38.9614	44.3623	44.8309	707.87	312.8625	38.8583	44.3024	44.791	486.005	305.0775	39.0138	44.3549	44.8479	912.847	301.335	38.9938	44.3461	44.8226	1020.283	302.49	39.0022	44.3508	44.8344	1002.655	300.87	38.9722	44.3427	44.8191	905.39	300.48	38.993	44.3449	44.8591	898.349	299.9775	38.9875	44.3565	44.837	852.817	303.315	38.9618	44.3486	44.8301	396.451	307.9275	39.009	44.4339	45.0304	923.184	300.1125	38.9692	44.3569	44.8226	899.844	301.4475	38.9745	44.3387	44.8104	877.966	1060.17	37.2387	43.7208	44.0965	23.543	
Johnny	37	158.7675	36.5774	43.0252	43.4215	926.397	160.8375	36.5804	43.0357	43.4624	757.132	160.3275	36.5457	43.021	43.4246	588.133	160.9875	36.4382	43.0363	43.3934	444.493	161.085	36.5183	43.07	43.5351	765.001	169.0575	36.3455	42.9047	43.2891	444.061	188.0475	36.0437	42.6836	43.2932	235.295	160.935	36.5706	43.0337	43.4303	999.783	162.7275	36.4525	43.0018	43.3795	770.286	160.3125	36.5637	43.0282	43.4159	675.678	160.635	36.4576	42.9849	43.3748	457.02	161.325	36.5993	43.0502	43.4609	873.231	160.2075	36.5922	43.0359	43.4449	981.206	160.29	36.5918	43.033	43.4344	969.118	160.635	36.5472	43.0354	43.4313	873.329	159.5925	36.5805	43.0312	43.4259	864.144	160.215	36.5776	43.0417	43.4392	822.834	160.5825	36.5497	43.0734	43.4585	363.925	163.92	36.6556	42.9393	43.4098	894.2	160.425	36.5728	43.024	43.4144	865.555	158.715	36.5688	43.0262	43.4277	842.833	432.9375	34.7686	42.1904	42.5389	17.852	
FourPeople	22	2432.1825	42.4722	46.3267	47.6098	1135.256	2453.6775	42.4575	46.3186	47.6086	957.87	2467.6725	42.4453	46.3141	47.5905	781.328	2514.3075	42.4275	46.2957	47.5663	598.706	2483.4225	42.4589	46.317	47.6158	883.536	2623.545	42.3689	46.3011	47.5824	501.481	2998.0725	42.1954	46.1927	47.4194	260.257	2448.945	42.4696	46.3292	47.6178	1043.699	2619.54	42.3952	46.3234	47.5943	913.005	2489.715	42.4455	46.3251	47.6081	826.805	2611.905	42.3934	46.3223	47.5898	616.243	2545.755	42.5083	46.3579	47.6393	1013.084	2430.7875	42.4727	46.3339	47.6175	1122.76	2433.345	42.4753	46.3282	47.6076	1118.052	2444.97	42.4734	46.3308	47.6137	1076.679	2428.32	42.4629	46.3185	47.5872	1035.224	2400.5175	42.437	46.2972	47.5868	1006.297	2450.955	42.4607	46.3182	47.6066	624.991	2453.7375	42.4373	46.3055	47.5706	1074.051	2430.0	42.4729	46.3338	47.6165	1076.101	2443.125	42.4704	46.3189	47.6002	1051.522	4954.515	41.7151	45.997	47.1455	39.958	
FourPeople	27	961.1325	40.2973	44.3595	45.6253	1001.549	969.36	40.2816	44.3446	45.6377	827.327	970.17	40.2797	44.3335	45.6299	654.845	986.28	40.2627	44.2905	45.5866	483.321	982.38	40.2336	44.3684	45.6968	787.469	1065.4275	40.126	44.3425	45.6202	447.773	1248.06	39.9056	44.2521	45.4868	231.985	969.6525	40.2908	44.3284	45.6324	951.27	1018.5825	40.1646	44.3411	45.6406	787.159	974.5725	40.2546	44.3418	45.6365	698.479	1011.135	40.163	44.3294	45.6319	495.126	984.06	40.3105	44.3613	45.6503	879.917	960.075	40.2943	44.339	45.6204	992.748	961.7475	40.292	44.3342	45.6463	986.941	972.4875	40.2862	44.3267	45.6236	947.031	956.82	40.287	44.3193	45.6255	927.297	955.8	40.2676	44.3204	45.6317	913.992	967.305	40.2727	44.3308	45.6373	494.531	988.8975	40.2726	44.4279	45.6277	973.302	959.265	40.2938	44.3398	45.6258	943.195	961.8825	40.2853	44.3293	45.6264	919.495	2329.8375	39.2792	44.1025	45.1944	27.176	
FourPeople	32	494.6175	37.7459	42.5719	43.7389	947.163	498.87	37.7421	42.5433	43.7192	777.81	501.57	37.7214	42.5504	43.7355	606.243	504.645	37.7141	42.5144	43.7068	436.773	499.9275	37.6749	42.6547	43.8647	748.053	537.015	37.5225	42.6814	43.8628	426.301	622.02	37.2666	42.5509	43.7499	220.619	499.155	37.7434	42.5523	43.7534	916.438	512.0025	37.6227	42.5414	43.7245	735.312	496.14	37.7088	42.546	43.7238	648.343	509.22	37.6219	42.5579	43.7437	446.614	503.28	37.7675	42.5516	43.7393	828.703	495.0675	37.7468	42.5575	43.7358	940.33	496.0725	37.7391	42.5405	43.7496	934.615	502.2675	37.734	42.5518	43.7434	896.56	495.2475	37.742	42.5437	43.7328	883.107	493.4325	37.7289	42.5621	43.7351	873.509	498.1725	37.7214	42.538	43.7163	441.856	508.32	37.7455	42.68	43.7883	925.733	494.88	37.7482	42.5526	43.7546	888.765	496.14	37.7419	42.5476	43.7107	869.493	1125.6	36.5164	42.3841	43.3983	20.637	
FourPeople	37	271.2675	34.8435	41.2515	42.4244	913.67	275.01	34.8314	41.2319	42.3925	746.604	274.6575	34.8276	41.2364	42.3988	578.313	277.4025	34.7924	41.2207	42.3982	411.482	274.3275	34.7795	41.3665	42.4515	721.934	288.4575	34.5709	41.3564	42.454	412.246	323.28	34.339	41.2257	42.2914	213.611	273.81	34.835	41.2285	42.4417	893.965	275.07	34.7357	41.2134	42.3889	706.948	272.295	34.8208	41.2232	42.4029	622.955	274.0875	34.7369	41.2162	42.4166	419.239	275.8575	34.8561	41.2327	42.443	798.497	270.72	34.8457	41.2468	42.4177	904.684	273.7575	34.8339	41.2388	42.3814	899.575	277.155	34.8064	41.2044	42.3949	863.502	270.99	34.8419	41.2502	42.3868	854.832	270.255	34.827	41.2268	42.4052	848.238	273.0225	34.803	41.2158	42.4135	412.402	279.705	34.9026	41.3277	42.3987	894.75	271.92	34.8349	41.2249	42.4054	856.93	272.34	34.8409	41.2267	42.4248	835.711	548.3625	33.677	41.0244	41.8989	17.011	
